ticker,category,status,first_date,last_date,n_obs,years,pct_bdays_missing,median_dollar_vol_3y_musd,still_trading
AGG,bond,OK,2003-09-29,2026-07-07,5728,22.8,3.6,739.4,True
BND,bond,OK,2007-04-10,2026-07-07,4841,19.2,3.58,455.8,True
DBA,commodity,OK,2007-01-05,2026-07-07,4905,19.5,3.6,7.7,True
DBC,commodity,OK,2006-02-06,2026-07-07,5135,20.4,3.6,18.4,True
DIA,broad,OK,1998-01-20,2026-07-07,7159,28.5,3.6,1461.1,True
EEM,country,OK,2003-04-14,2026-07-07,5844,23.2,3.6,1180.1,True
EFA,country,OK,2001-08-27,2026-07-07,6250,24.9,3.65,1073.1,True
EMB,bond,OK,2007-12-19,2026-07-07,4664,18.5,3.64,500.8,True
EPI,country,OK,2008-02-26,2026-07-07,4619,18.4,3.59,34.1,True
EWA,country,OK,1996-03-18,2026-07-07,7624,30.3,3.58,46.0,True
EWC,country,OK,1996-03-18,2026-07-07,7624,30.3,3.58,76.0,True
EWG,country,OK,1996-03-18,2026-07-07,7624,30.3,3.58,49.9,True
EWH,country,OK,1996-03-18,2026-07-07,7624,30.3,3.58,47.1,True
EWJ,country,OK,1996-03-18,2026-07-07,7624,30.3,3.58,388.5,True
EWL,country,OK,1996-03-18,2026-07-07,7624,30.3,3.58,20.6,True
EWM,country,OK,1996-03-18,2026-07-07,7624,30.3,3.58,6.3,True
EWP,country,OK,1996-03-18,2026-07-07,7624,30.3,3.58,10.6,True
EWQ,country,OK,1996-03-18,2026-07-07,7624,30.3,3.58,13.1,True
EWS,country,OK,1996-03-18,2026-07-07,7624,30.3,3.58,9.8,True
EWT,country,OK,2000-06-23,2026-07-07,6546,26.0,3.64,154.6,True
EWU,country,OK,1996-03-18,2026-07-07,7624,30.3,3.58,53.7,True
EWW,country,OK,1996-03-18,2026-07-07,7624,30.3,3.58,108.0,True
EWY,country,OK,2000-05-12,2026-07-07,6575,26.2,3.63,226.9,True
EWZ,country,OK,2000-07-14,2026-07-07,6532,26.0,3.63,612.3,True
EZA,country,OK,2003-02-07,2026-07-07,5889,23.4,3.59,6.8,True
FXE,fx,OK,2005-12-12,2026-07-07,5172,20.6,3.63,5.9,True
FXI,country,OK,2004-10-08,2026-07-07,5469,21.7,3.6,1006.2,True
FXY,fx,OK,2007-02-13,2026-07-07,4879,19.4,3.6,8.9,True
GDX,sector,OK,2006-05-22,2026-07-07,5062,20.1,3.62,886.6,True
GLD,commodity,OK,2004-11-18,2026-07-07,5440,21.6,3.61,2074.2,True
HYG,bond,OK,2007-04-11,2026-07-07,4840,19.2,3.59,2547.7,True
IBB,sector,OK,2001-02-12,2026-07-07,6386,25.4,3.64,212.3,True
IEF,bond,OK,2002-07-30,2026-07-07,6022,23.9,3.59,671.8,True
ILF,country,OK,2001-10-26,2026-07-07,6211,24.7,3.6,32.2,True
ITB,sector,OK,2006-05-05,2026-07-07,5073,20.2,3.61,210.0,True
IWD,style,OK,2000-05-26,2026-07-07,6565,26.1,3.64,365.1,True
IWF,style,OK,2000-05-26,2026-07-07,6565,26.1,3.64,478.0,True
IWM,broad,OK,2000-05-26,2026-07-07,6565,26.1,3.64,6616.8,True
IWN,style,OK,2000-07-28,2026-07-07,6522,25.9,3.63,152.5,True
IWO,style,OK,2000-07-28,2026-07-07,6522,25.9,3.63,115.0,True
IYR,reit,OK,2000-06-19,2026-07-07,6550,26.0,3.63,522.9,True
IYT,sector,OK,2004-01-02,2026-07-07,5662,22.5,3.59,30.4,True
JNK,bond,OK,2007-12-04,2026-07-07,4675,18.6,3.63,352.2,True
KRE,sector,OK,2006-06-22,2026-07-07,5040,20.0,3.61,738.2,True
LQD,bond,OK,2002-07-30,2026-07-07,6022,23.9,3.59,2630.6,True
MDY,broad,OK,1995-05-04,2026-07-07,7844,31.2,3.57,442.6,True
QQQ,broad,OK,1999-03-10,2026-07-07,6873,27.3,3.6,20791.5,True
RSP,style,OK,2003-05-01,2026-07-07,5832,23.2,3.59,1301.3,True
RSX,country_dead_probe,OK,2025-06-11,2025-06-11,1,0.0,0.0,0.0,False
RWR,reit,OK,2001-08-27,2026-07-07,6250,24.9,3.65,20.5,True
SHY,bond,OK,2002-07-30,2026-07-07,6022,23.9,3.59,283.9,True
SLV,commodity,OK,2006-04-28,2026-07-07,5078,20.2,3.61,604.9,True
SMH,sector,OK,2000-06-05,2026-07-07,6560,26.1,3.63,1777.2,True
SPY,broad,OK,1993-01-29,2026-07-07,8415,33.4,3.53,36206.4,True
TIP,bond,OK,2003-12-05,2026-07-07,5680,22.6,3.61,215.4,True
TLT,bond,OK,2002-07-30,2026-07-07,6022,23.9,3.59,2959.1,True
TUR,country,OK,2008-03-28,2026-07-07,4597,18.3,3.59,4.1,True
UNG,commodity,OK,2007-04-18,2026-07-07,4835,19.2,3.59,115.2,True
USO,commodity,OK,2006-04-10,2026-07-07,5091,20.2,3.62,303.3,True
UUP,fx,OK,2007-03-01,2026-07-07,4868,19.4,3.58,27.9,True
VGK,country,OK,2005-03-10,2026-07-07,5364,21.3,3.59,172.0,True
VNQ,reit,OK,2004-09-29,2026-07-07,5476,21.8,3.59,307.8,True
VTV,style,OK,2004-01-30,2026-07-07,5643,22.4,3.59,390.2,True
VUG,style,OK,2004-01-30,2026-07-07,5643,22.4,3.59,400.3,True
XBI,sector,OK,2006-02-06,2026-07-07,5135,20.4,3.6,869.4,True
XHB,sector,OK,2006-02-06,2026-07-07,5135,20.4,3.6,227.2,True
XLB,sector,OK,1998-12-22,2026-07-07,6925,27.5,3.63,445.2,True
XLE,sector,OK,1998-12-22,2026-07-07,6925,27.5,3.63,1395.3,True
XLF,sector,OK,1998-12-22,2026-07-07,6925,27.5,3.63,1709.4,True
XLI,sector,OK,1998-12-22,2026-07-07,6925,27.5,3.63,1155.5,True
XLK,sector,OK,1998-12-22,2026-07-07,6925,27.5,3.63,1296.8,True
XLP,sector,OK,1998-12-22,2026-07-07,6925,27.5,3.63,908.3,True
XLU,sector,OK,1998-12-22,2026-07-07,6925,27.5,3.63,847.2,True
XLV,sector,OK,1998-12-22,2026-07-07,6925,27.5,3.63,1256.9,True
XLY,sector,OK,1998-12-22,2026-07-07,6925,27.5,3.63,810.5,True
XME,sector,OK,2006-06-22,2026-07-07,5040,20.0,3.61,144.6,True
XOP,sector,OK,2006-06-22,2026-07-07,5040,20.0,3.61,440.2,True
XRT,sector,OK,2006-06-22,2026-07-07,5040,20.0,3.61,380.8,True
